time	stop_id	route_id	vehicle_number	stop_name
20260602_11:39:19	192021605	195000178	울산71자3209	성남동
20260602_11:39:22	193030707	195000222	울산71자3092	울산대학교 (시내)
20260602_11:39:24	999000149	195000221	울산71자3006	명촌 (기점)
20260602_11:39:27	194019014	194000106	울산71자2972	꽃바위 (기점)
20260602_11:39:27	194024210	194000106	울산71자2962	남목1동
20260602_11:41:29	193040403	195000222	울산71자3012	공업탑
20260602_11:41:30	193012314	195000221	울산71자3024	태화강역 (UNIST)
20260602_11:41:30	999000065	195000221	울산71자2258	신복교차로 입구
20260602_11:41:30	196040212	195000221	울산71자2219	범서읍행정복지센터 (UNIST)
20260602_11:41:33	193031110	194000106	울산71자2802	시청앞
20260602_11:41:44	196040142	196000421	울산71자2648	덕하 (기점)
20260602_11:41:44	196040233	195000178	울산71자3263	UNIST (기점)
20260602_11:41:45	999000149	195000177	울산71자3244	명촌 (기점)
20260602_11:41:46	196040211	195000216	울산71자1794	범서읍행정복지센터 (시내)
20260602_11:42:05	196040231	195000178	울산71자3263	울산과학기술원정문 (시내)
20260602_11:43:50	193031109	194000107	울산71자2824	시청앞
20260602_11:43:50	194024209	194000107	울산71자2838	남목1동
20260602_11:44:02	196040205	195000178	울산71자3263	진목회관 (시내)
20260602_11:44:02	193012313	195000178	울산71자3238	태화강역 (시내)
20260602_11:44:07	193040404	195000215	울산71자1763	공업탑
20260602_11:44:07	196040212	195000215	울산71자1744	범서읍행정복지센터 (UNIST)
20260602_11:44:08	193012313	195000222	울산71자3091	태화강역 (시내)
20260602_11:44:08	193040402	195000221	울산71자3001	공업탑
20260602_11:44:36	193040605	195000216	울산71자1729	법원
20260602_11:45:56	193040223	196000422	울산71자2690	굴화주공 아파트앞 (시내)
20260602_11:45:59	193012314	195000177	울산71자3244	태화강역 (UNIST)
20260602_11:46:02	196020807	195000216	울산71자1794	천상 (시내)
20260602_11:46:04	196040233	195000222	울산71자3042	UNIST (기점)
20260602_11:46:07	193040402	195000221	울산71자3001	공업탑
20260602_11:46:25	193040223	195000178	울산71자3213	굴화주공 아파트앞 (시내)
20260602_11:46:32	194024219	194000107	울산71자2838	현대중공업 울산대학병원
20260602_11:46:45	196015418	196000421	울산71자2678	삼남 (종점)
20260602_11:46:46	196040211	195000178	울산71자3263	범서읍행정복지센터 (시내)
20260602_11:46:48	196040231	195000222	울산71자3042	울산과학기술원정문 (시내)
20260602_11:46:50	193040420	195000221	울산71자3024	시외고속버스터미널 (UNIST)
20260602_11:46:50	193040224	195000221	울산71자2258	굴화주공 아파트앞 (UNIST)
20260602_11:47:04	196040236	195000215	울산71자1744	진목회관 (UNIST)
20260602_11:49:00	999000145	195000221	울산71자2219	UNIST (종점)
20260602_11:49:16	193040419	195000178	울산71자3209	시외고속버스터미널 (시내)
20260602_11:49:18	196020808	195000177	울산71자3285	천상 (UNIST)
20260602_11:49:18	193040223	195000222	울산71자3011	굴화주공 아파트앞 (시내)
20260602_11:49:31	196040232	196000422	울산71자2659	울산과학기술원정문 (학교)
20260602_11:50:58	196020807	194000107	울산71자2840	천상 (시내)
20260602_11:50:58	193040419	194000107	울산71자2824	시외고속버스터미널 (시내)
20260602_11:51:14	193040224	196000421	울산71자2757	굴화주공 아파트앞 (UNIST)
20260602_11:51:14	196015429	196000421	울산71자2618	울산역 (언양 방면)
20260602_11:51:14	196040234	196000422	울산71자2659	울산과학기술원 (경유)
20260602_11:51:18	192021210	195000177	울산71자3284	태화강국가정원 동강병원
20260602_11:51:21	196040211	195000222	울산71자3042	범서읍행정복지센터 (시내)
20260602_11:51:21	193022417	195000222	울산71자3092	산학융합지구캠퍼스
20260602_11:51:21	193040419	195000222	울산71자3012	시외고속버스터미널 (시내)
20260602_11:51:22	193022418	195000221	울산71자3001	산학융합지구캠퍼스
20260602_11:53:14	193030708	195000221	울산71자2261	울산대학교 (UNIST)
20260602_11:53:15	999000209	194000107	울산71자2824	태화강역광장
20260602_11:53:15	195030616	194000106	울산71자2962	현대출고 사무소앞
20260602_11:53:15	192021210	194000106	울산71자2802	태화강국가정원 동강병원
20260602_11:53:15	999000145	194000106	울산71자2859	UNIST (종점)
20260602_11:53:31	196040205	196000422	울산71자2659	진목회관 (시내)
20260602_11:53:31	196020807	195000178	울산71자3263	천상 (시내)
20260602_11:53:31	193012313	195000178	울산71자3209	태화강역 (시내)
20260602_11:53:34	193040420	195000177	울산71자3244	시외고속버스터미널 (UNIST)
20260602_11:53:34	193040403	195000216	울산71자1729	공업탑
20260602_11:53:34	999000145	195000215	울산71자1744	UNIST (종점)
20260602_11:53:36	193030703	195000222	울산71자3011	신복교차로
20260602_11:54:33	196040212	195000177	울산71자3285	범서읍행정복지센터 (UNIST)
20260602_11:56:44	193012314	195000221	울산71자3045	태화강역 (UNIST)
20260602_11:56:50	194024234	194000106	울산71자2832	일산해수욕장
20260602_11:57:07	196020412	196000421	울산71자2757	범서중학교앞
20260602_11:57:08	196040211	196000422	울산71자2659	범서읍행정복지센터 (시내)
20260602_11:57:10	192021209	195000178	울산71자3213	태화강국가정원 동강병원
20260602_11:57:11	193040223	195000216	울산71자1794	굴화주공 아파트앞 (시내)
20260602_11:57:11	193012314	195000215	울산71자1866	태화강역 (UNIST)
20260602_11:57:13	196020415	195000222	울산71자3042	우미린2차 푸르지오2차 (시내)
20260602_11:57:13	193030707	195000222	울산71자3011	울산대학교 (시내)
20260602_11:57:25	196015418	196000421	울산71자2723	삼남 (종점)
20260602_11:58:24	999000077	194000106	울산71자2962	태화강역광장
20260602_11:59:20	196015417	196000422	울산71자2723	삼남 (기점)
20260602_11:59:24	193030703	195000216	울산71자1794	신복교차로
20260602_11:59:27	193012313	195000222	울산71자3012	태화강역 (시내)
20260602_11:59:27	193040402	195000221	울산71자3024	공업탑
20260602_11:59:27	196020416	195000221	울산71자2258	우미린2차 푸르지오2차 (UNIST)
20260602_11:59:27	196020415	194000107	울산71자2840	우미린2차 푸르지오2차 (시내)
20260602_12:01:33	194024220	194000106	울산71자2832	현대중공업 울산대학병원
20260602_12:02:07	196040231	195000178	울산71자3212	울산과학기술원정문 (시내)
20260602_12:02:07	192021605	195000178	울산71자3213	성남동
20260602_12:02:13	999000145	195000177	울산71자3285	UNIST (종점)
20260602_12:02:15	193030707	195000216	울산71자1794	울산대학교 (시내)
20260602_12:02:15	193040419	195000216	울산71자1729	시외고속버스터미널 (시내)
20260602_12:02:16	193040420	195000215	울산71자1866	시외고속버스터미널 (UNIST)
20260602_12:02:16	193030708	195000215	울산71자1763	울산대학교 (UNIST)
20260602_12:02:21	193040420	195000221	울산71자3045	시외고속버스터미널 (UNIST)
20260602_12:02:21	193040224	195000221	울산71자2261	굴화주공 아파트앞 (UNIST)
20260602_12:02:22	195030615	194000107	울산71자2824	현대출고 사무소앞
20260602_12:02:26	193040420	194000106	울산71자2962	시외고속버스터미널 (UNIST)
20260602_12:02:42	193031109	196000422	울산71자2690	시청앞
20260602_12:02:55	193030708	195000221	울산71자3001	울산대학교 (UNIST)
20260602_12:02:56	193040224	194000106	울산71자2802	굴화주공 아파트앞 (UNIST)
20260602_12:03:31	193040403	195000222	울산71자3092	공업탑
20260602_12:04:02	196020415	196000422	울산71자2659	우미린2차 푸르지오2차 (시내)
20260602_12:04:06	196020415	195000178	울산71자3263	우미린2차 푸르지오2차 (시내)
20260602_12:04:11	999000065	195000215	울산71자1763	신복교차로 입구
20260602_12:04:13	999000065	195000221	울산71자3001	신복교차로 입구
20260602_12:04:32	999000149	195000177	울산71자3299	명촌 (기점)
20260602_12:04:40	999000149	195000221	울산71자3010	명촌 (기점)
20260602_12:05:02	196040212	196000421	울산71자2757	범서읍행정복지센터 (UNIST)
20260602_12:05:15	196040212	195000221	울산71자2258	범서읍행정복지센터 (UNIST)
20260602_12:06:22	196040233	195000222	울산71자2219	UNIST (기점)
20260602_12:06:31	194024210	194000106	울산71자2832	남목1동
20260602_12:06:41	193031110	196000421	울산71자2648	시청앞
20260602_12:06:43	193040402	196000422	울산71자2690	공업탑
20260602_12:06:43	196040211	195000178	울산71자3212	범서읍행정복지센터 (시내)
20260602_12:06:49	193012313	195000216	울산71자1729	태화강역 (시내)
20260602_12:06:59	193022418	195000221	울산71자3024	산학융합지구캠퍼스
20260602_12:07:15	192021008	195000177	울산71자3244	울산시립미술관
20260602_12:07:15	196040231	195000222	울산71자2219	울산과학기술원정문 (시내)
20260602_12:07:15	193040223	195000222	울산71자3042	굴화주공 아파트앞 (시내)
20260602_12:08:44	196040236	195000221	울산71자2258	진목회관 (UNIST)
20260602_12:08:57	196040236	196000421	울산71자2757	진목회관 (UNIST)
20260602_12:09:37	193040223	194000107	울산71자2840	굴화주공 아파트앞 (시내)
20260602_12:10:02	193012314	195000177	울산71자3299	태화강역 (UNIST)
20260602_12:10:07	193040605	195000216	울산71자1794	법원
20260602_12:10:12	193040224	195000215	울산71자1763	굴화주공 아파트앞 (UNIST)
20260602_12:10:22	193012314	195000221	울산71자3010	태화강역 (UNIST)
20260602_12:10:22	193040224	195000221	울산71자3001	굴화주공 아파트앞 (UNIST)
20260602_12:10:47	196040142	196000421	울산71자2732	덕하 (기점)
20260602_12:10:47	196040232	196000421	울산71자2757	울산과학기술원정문 (학교)
20260602_12:11:02	999000148	195000216	울산71자1729	명촌 (종점)
20260602_12:11:02	193040404	195000215	울산71자1866	공업탑
20260602_12:11:10	196040232	195000221	울산71자2258	울산과학기술원정문 (학교)
20260602_12:11:30	196040234	196000421	울산71자2757	울산과학기술원 (경유)
20260602_12:11:32	193040419	195000178	울산71자3213	시외고속버스터미널 (시내)
20260602_12:11:33	196020416	195000177	울산71자3284	우미린2차 푸르지오2차 (UNIST)
20260602_12:11:37	196020416	194000106	울산71자2802	우미린2차 푸르지오2차 (UNIST)
20260602_12:12:09	196020416	195000221	울산71자2261	우미린2차 푸르지오2차 (UNIST)
20260602_12:12:27	193040223	196000422	울산71자2659	굴화주공 아파트앞 (시내)
20260602_12:12:27	196020807	195000178	울산71자3212	천상 (시내)
20260602_12:12:32	196040211	195000222	울산71자2219	범서읍행정복지센터 (시내)
20260602_12:12:32	193022417	195000222	울산71자3011	산학융합지구캠퍼스
20260602_12:12:41	193031110	194000106	울산71자2962	시청앞
20260602_12:12:52	196040231	196000421	울산71자2757	울산과학기술원정문 (시내)
20260602_12:13:37	193040402	195000221	울산71자3045	공업탑
20260602_12:14:03	193030703	195000222	울산71자3042	신복교차로
20260602_12:14:08	194024209	194000107	울산71자2824	남목1동
20260602_12:14:55	196015418	196000421	울산71자2618	삼남 (종점)
20260602_12:15:05	193040419	195000222	울산71자3092	시외고속버스터미널 (시내)
20260602_12:16:08	193040223	195000178	울산71자3263	굴화주공 아파트앞 (시내)
20260602_12:16:12	193030707	195000222	울산71자3042	울산대학교 (시내)
20260602_12:16:45	193040420	195000221	울산71자3010	시외고속버스터미널 (UNIST)
20260602_12:17:31	195030616	194000106	울산71자2832	현대출고 사무소앞
20260602_12:18:23	193012313	195000178	울산71자3213	태화강역 (시내)
20260602_12:18:29	193040606	195000215	울산71자1866	법원
20260602_12:18:31	196040212	195000221	울산71자2261	범서읍행정복지센터 (UNIST)
20260602_12:18:32	196020807	194000107	울산71자2859	천상 (시내)
20260602_12:18:32	194024219	194000107	울산71자2824	현대중공업 울산대학병원
20260602_12:19:43	999000065	195000221	울산71자3024	신복교차로 입구
20260602_12:20:00	196020415	195000178	울산71자3212	우미린2차 푸르지오2차 (시내)
20260602_12:20:02	192021210	195000177	울산71자3244	태화강국가정원 동강병원
20260602_12:20:02	193040403	195000216	울산71자1794	공업탑
20260602_12:20:06	196020415	195000222	울산71자2219	우미린2차 푸르지오2차 (시내)
20260602_12:20:12	192021209	194000107	울산71자2840	태화강국가정원 동강병원
20260602_12:20:49	196015417	196000422	울산71자2678	삼남 (기점)
20260602_12:20:55	999000149	195000215	울산71자1710	명촌 (기점)
20260602_12:21:00	193022418	195000221	울산71자3045	산학융합지구캠퍼스
20260602_12:21:17	193040224	196000421	울산71자2648	굴화주공 아파트앞 (UNIST)
20260602_12:21:27	196040233	195000216	울산71자1744	UNIST (기점)
20260602_12:21:28	196020808	195000215	울산71자1763	천상 (UNIST)
20260602_12:21:32	196020808	194000106	울산71자2802	천상 (UNIST)
20260602_12:21:55	196020416	195000221	울산71자3001	우미린2차 푸르지오2차 (UNIST)
20260602_12:21:55	196040236	195000221	울산71자2261	진목회관 (UNIST)
20260602_12:23:37	999000148	195000178	울산71자3213	명촌 (종점)
20260602_12:23:38	196020808	195000177	울산71자3284	천상 (UNIST)
20260602_12:23:38	196040231	195000216	울산71자1744	울산과학기술원정문 (시내)
20260602_12:23:38	193040403	195000222	울산71자3011	공업탑
20260602_12:23:38	193012313	195000222	울산71자3092	태화강역 (시내)
20260602_12:23:38	196040232	195000221	울산71자2261	울산과학기술원정문 (학교)
20260602_12:23:40	999000077	194000106	울산71자2832	태화강역광장
20260602_12:23:40	192021210	194000106	울산71자2962	태화강국가정원 동강병원
20260602_12:25:34	196020415	194000107	울산71자2859	우미린2차 푸르지오2차 (시내)
20260602_12:25:45	196040141	196000422	울산71자2690	덕하 (종점)
20260602_12:25:47	999000149	195000177	울산71자3238	명촌 (기점)
20260602_12:25:49	193012314	195000215	울산71자1710	태화강역 (UNIST)
20260602_12:25:51	193040224	195000221	울산71자3024	굴화주공 아파트앞 (UNIST)
20260602_12:25:53	193040420	194000106	울산71자2832	시외고속버스터미널 (UNIST)
20260602_12:26:03	196040233	195000178	울산71자3285	UNIST (기점)
20260602_12:26:08	196040205	195000216	울산71자1744	진목회관 (시내)
20260602_12:26:13	196040233	195000222	울산71자2258	UNIST (기점)
20260602_12:26:16	999000149	195000221	울산71자3091	명촌 (기점)
20260602_12:26:16	193040402	195000221	울산71자3010	공업탑
20260602_12:26:18	194024233	194000107	울산71자2824	일산해수욕장
20260602_12:26:31	196020412	196000421	울산71자2648	범서중학교앞
20260602_12:26:37	193030708	195000215	울산71자1866	울산대학교 (UNIST)
20260602_12:26:39	196040212	195000221	울산71자3001	범서읍행정복지센터 (UNIST)
20260602_12:26:51	196040231	195000178	울산71자3285	울산과학기술원정문 (시내)
20260602_12:28:37	193031109	194000107	울산71자2840	시청앞
20260602_12:28:47	196015429	196000421	울산71자2757	울산역 (언양 방면)
20260602_12:28:49	196040205	195000178	울산71자3285	진목회관 (시내)
20260602_12:28:49	192021209	195000178	울산71자3263	태화강국가정원 동강병원
20260602_12:28:50	193040224	195000177	울산71자3244	굴화주공 아파트앞 (UNIST)
20260602_12:28:50	193040419	195000216	울산71자1794	시외고속버스터미널 (시내)
20260602_12:28:52	999000065	195000215	울산71자1866	신복교차로 입구
20260602_12:28:53	193022417	195000222	울산71자3042	산학융합지구캠퍼스
20260602_12:29:10	196040212	195000177	울산71자3284	범서읍행정복지센터 (UNIST)
20260602_12:29:13	196040212	195000215	울산71자1763	범서읍행정복지센터 (UNIST)
20260602_12:31:56	193040224	194000106	울산71자2962	굴화주공 아파트앞 (UNIST)
20260602_12:32:19	193012314	195000177	울산71자3238	태화강역 (UNIST)
20260602_12:32:19	192021008	195000177	울산71자3299	울산시립미술관
20260602_12:32:22	193040420	195000215	울산71자1710	시외고속버스터미널 (UNIST)
20260602_12:32:22	196040211	195000222	울산71자2258	범서읍행정복지센터 (시내)
20260602_12:32:22	193040223	195000222	울산71자2219	굴화주공 아파트앞 (시내)
20260602_12:32:22	193040419	195000222	울산71자3011	시외고속버스터미널 (시내)
20260602_12:32:23	196040232	195000221	울산71자3001	울산과학기술원정문 (학교)
20260602_12:32:42	196040236	195000177	울산71자3284	진목회관 (UNIST)
20260602_12:32:46	196040236	195000215	울산71자1763	진목회관 (UNIST)
20260602_12:32:50	999000145	194000106	울산71자2802	UNIST (종점)
20260602_12:33:06	192021605	195000178	울산71자3263	성남동
20260602_12:33:11	999000145	195000221	울산71자3001	UNIST (종점)
20260602_12:33:26	193040402	196000422	울산71자2659	공업탑
20260602_12:35:28	196040212	196000421	울산71자2648	범서읍행정복지센터 (UNIST)
20260602_12:35:28	193012313	195000216	울산71자1794	태화강역 (시내)
20260602_12:35:28	193030703	195000222	울산71자2219	신복교차로
20260602_12:35:28	193012313	195000222	울산71자3011	태화강역 (시내)
20260602_12:35:29	193012314	195000221	울산71자3091	태화강역 (UNIST)
20260602_12:35:29	193022418	195000221	울산71자3010	산학융합지구캠퍼스
20260602_12:35:29	193030708	195000221	울산71자3045	울산대학교 (UNIST)
20260602_12:35:29	196020416	195000221	울산71자3024	우미린2차 푸르지오2차 (UNIST)
20260602_12:35:29	193040223	194000107	울산71자2859	굴화주공 아파트앞 (시내)
20260602_12:37:50	196040236	196000421	울산71자2648	진목회관 (UNIST)
20260602_12:37:51	193040420	195000177	울산71자3238	시외고속버스터미널 (UNIST)
20260602_12:37:51	196040232	195000177	울산71자3284	울산과학기술원정문 (학교)
20260602_12:37:53	196040232	195000215	울산71자1763	울산과학기술원정문 (학교)
20260602_12:37:54	999000148	195000222	울산71자3011	명촌 (종점)
20260602_12:37:54	999000065	195000221	울산71자3045	신복교차로 입구
20260602_12:37:55	193040419	194000107	울산71자2840	시외고속버스터미널 (시내)
20260602_12:37:55	194024220	194000106	울산71자2815	현대중공업 울산대학병원
20260602_12:37:55	193031110	194000106	울산71자2832	시청앞
20260602_12:38:08	196020416	195000177	울산71자3244	우미린2차 푸르지오2차 (UNIST)
20260602_12:38:09	193030707	195000222	울산71자2219	울산대학교 (시내)
20260602_12:38:09	193040403	195000222	울산71자3042	공업탑
20260602_12:40:05	193031110	196000421	울산71자2732	시청앞
20260602_12:40:05	196040232	196000421	울산71자2648	울산과학기술원정문 (학교)
20260602_12:40:17	196020415	195000222	울산71자2258	우미린2차 푸르지오2차 (시내)
20260602_12:40:20	999000209	194000107	울산71자2840	태화강역광장
20260602_12:40:22	196020416	194000106	울산71자2962	우미린2차 푸르지오2차 (UNIST)
20260602_12:40:32	196040142	196000421	울산71자2690	덕하 (기점)
20260602_12:40:44	193040420	195000221	울산71자3091	시외고속버스터미널 (UNIST)
20260602_12:40:57	196040234	196000421	울산71자2648	울산과학기술원 (경유)
20260602_12:40:57	192021209	195000178	울산71자3212	태화강국가정원 동강병원
20260602_12:40:57	192021210	195000177	울산71자3299	태화강국가정원 동강병원
20260602_12:40:59	196040233	195000222	울산71자2261	UNIST (기점)
20260602_12:42:10	196040212	195000221	울산71자3024	범서읍행정복지센터 (UNIST)
20260602_12:42:13	194024210	194000106	울산71자2815	남목1동
20260602_12:42:25	196040231	196000421	울산71자2648	울산과학기술원정문 (시내)
20260602_12:42:31	196040231	195000222	울산71자2261	울산과학기술원정문 (시내)
20260602_12:43:48	193040404	195000215	울산71자1710	공업탑
20260602_12:43:48	196020808	195000215	울산71자1866	천상 (UNIST)
20260602_12:43:50	193040224	195000221	울산71자3045	굴화주공 아파트앞 (UNIST)
20260602_12:43:52	192021210	194000106	울산71자2832	태화강국가정원 동강병원
20260602_12:44:24	196015414	196000422	울산71자2678	울산역 (시내 방면)
20260602_12:44:24	192021605	195000178	울산71자3212	성남동
20260602_12:46:16	193040419	195000178	울산71자3263	시외고속버스터미널 (시내)
20260602_12:46:19	193040419	195000222	울산71자3042	시외고속버스터미널 (시내)
20260602_12:46:19	999000149	195000221	울산71자3012	명촌 (기점)
20260602_12:46:33	196020415	195000178	울산71자3285	우미린2차 푸르지오2차 (시내)
20260602_12:48:20	193040223	195000216	울산71자1744	굴화주공 아파트앞 (시내)
20260602_12:48:20	196040212	195000215	울산71자1866	범서읍행정복지센터 (UNIST)
20260602_12:48:22	999000145	195000221	울산71자3024	UNIST (종점)
20260602_12:48:22	195030615	194000107	울산71자2840	현대출고 사무소앞
20260602_12:50:21	194019014	194000106	울산71자2838	꽃바위 (기점)
20260602_12:50:21	196020808	194000106	울산71자2962	천상 (UNIST)
20260602_12:50:33	196015417	196000422	울산71자2618	삼남 (기점)
20260602_12:50:33	193040223	196000422	울산71자2723	굴화주공 아파트앞 (시내)
20260602_12:50:36	193012314	195000177	울산71자3209	태화강역 (UNIST)
20260602_12:50:37	193040606	195000215	울산71자1710	법원
20260602_12:50:40	193012313	195000222	울산71자3042	태화강역 (시내)
20260602_12:50:42	193030708	195000221	울산71자3010	울산대학교 (UNIST)
20260602_12:50:43	195030615	194000107	울산71자2840	현대출고 사무소앞
20260602_12:52:04	196040233	194000107	울산71자2802	UNIST (기점)
20260602_12:52:04	193031109	194000107	울산71자2859	시청앞
20260602_12:52:19	196040233	195000178	울산71자3284	UNIST (기점)
20260602_12:52:19	193012313	195000178	울산71자3263	태화강역 (시내)
20260602_12:52:23	196020415	195000222	울산71자2261	우미린2차 푸르지오2차 (시내)
20260602_12:52:23	193022417	195000222	울산71자2219	산학융합지구캠퍼스
20260602_12:52:25	193012314	195000221	울산71자3012	태화강역 (UNIST)
20260602_12:52:25	999000065	195000221	울산71자3010	신복교차로 입구
20260602_12:52:28	193040224	194000106	울산71자2832	굴화주공 아파트앞 (UNIST)
20260602_12:52:38	196040231	195000178	울산71자3284	울산과학기술원정문 (시내)
20260602_12:52:42	192021008	195000177	울산71자3238	울산시립미술관
20260602_12:52:45	193040402	195000221	울산71자3091	공업탑
20260602_12:53:05	193030703	195000216	울산71자1744	신복교차로
20260602_12:54:15	195030616	194000106	울산71자2815	현대출고 사무소앞
20260602_12:54:29	193040419	195000178	울산71자3212	시외고속버스터미널 (시내)
20260602_12:54:29	196040212	195000177	울산71자3244	범서읍행정복지센터 (UNIST)
20260602_12:55:00	196040205	195000178	울산71자3284	진목회관 (시내)
20260602_12:56:41	196020416	195000221	울산71자3045	우미린2차 푸르지오2차 (UNIST)
20260602_12:58:51	196015429	196000421	울산71자2648	울산역 (언양 방면)
20260602_12:58:51	193040223	195000178	울산71자3285	굴화주공 아파트앞 (시내)
20260602_12:58:52	196040205	195000216	울산71자1763	진목회관 (시내)
20260602_12:58:52	193030708	195000215	울산71자1710	울산대학교 (UNIST)
20260602_12:58:52	999000145	195000215	울산71자1866	UNIST (종점)
20260602_12:58:52	193040420	195000221	울산71자3012	시외고속버스터미널 (UNIST)
20260602_12:58:52	193040224	195000221	울산71자3010	굴화주공 아파트앞 (UNIST)
20260602_12:58:52	193040419	194000107	울산71자2859	시외고속버스터미널 (시내)
20260602_12:58:52	194024234	194000106	울산71자2838	일산해수욕장
20260602_13:01:22	999000209	194000107	울산71자2859	태화강역광장
20260602_13:01:22	999000145	194000106	울산71자2962	UNIST (종점)
20260602_13:01:37	193012313	195000178	울산71자3212	태화강역 (시내)
20260602_13:01:39	192021210	195000177	울산71자3238	태화강국가정원 동강병원
20260602_13:01:39	196020416	195000177	울산71자3299	우미린2차 푸르지오2차 (UNIST)
20260602_13:01:40	196040211	195000216	울산71자1763	범서읍행정복지센터 (시내)
20260602_13:01:41	193012314	195000215	울산71자1729	태화강역 (UNIST)
20260602_13:01:41	999000065	195000215	울산71자1710	신복교차로 입구
20260602_13:01:42	196040211	195000222	울산71자3001	범서읍행정복지센터 (시내)
20260602_13:01:42	999000077	194000106	울산71자2815	태화강역광장
20260602_13:01:42	196020416	194000106	울산71자2832	우미린2차 푸르지오2차 (UNIST)
20260602_13:02:22	196020807	195000178	울산71자3284	천상 (시내)
20260602_13:04:29	193040223	195000222	울산71자2261	굴화주공 아파트앞 (시내)
20260602_13:04:29	193040403	195000222	울산71자2219	공업탑
20260602_13:04:32	196040212	195000221	울산71자3045	범서읍행정복지센터 (UNIST)
20260602_13:04:32	196020807	194000107	울산71자2802	천상 (시내)
20260602_13:04:32	194024209	194000107	울산71자2840	남목1동
20260602_13:04:35	194024220	194000106	울산71자2838	현대중공업 울산대학병원
20260602_13:04:48	196020412	196000421	울산71자2732	범서중학교앞
20260602_13:04:52	196040232	196000422	울산71자2678	울산과학기술원정문 (학교)
20260602_13:04:52	193031109	196000422	울산71자2723	시청앞
20260602_13:05:24	196020415	195000222	울산71자3001	우미린2차 푸르지오2차 (시내)
20260602_13:05:29	193040420	194000106	울산71자2815	시외고속버스터미널 (UNIST)
20260602_13:05:42	196040234	196000422	울산71자2678	울산과학기술원 (경유)
20260602_13:05:45	999000149	195000177	울산71자3213	명촌 (기점)
20260602_13:06:21	193031110	196000421	울산71자2690	시청앞
20260602_13:06:38	193040224	195000215	울산71자1710	굴화주공 아파트앞 (UNIST)
20260602_13:06:59	196040236	195000221	울산71자3045	진목회관 (UNIST)
20260602_13:07:40	999000149	195000221	울산71자3092	명촌 (기점)
20260602_13:07:40	196020416	195000221	울산71자3010	우미린2차 푸르지오2차 (UNIST)
20260602_13:07:40	195030615	194000107	울산71자2859	현대출고 사무소앞
20260602_13:07:53	196040231	196000422	울산71자2678	울산과학기술원정문 (시내)
20260602_13:07:57	193040420	195000215	울산71자1729	시외고속버스터미널 (UNIST)
20260602_13:08:20	193030703	195000222	울산71자2261	신복교차로
20260602_13:08:39	196020807	195000216	울산71자1763	천상 (시내)
20260602_13:10:21	193040402	195000221	울산71자3012	공업탑
20260602_13:10:21	196040232	195000221	울산71자3045	울산과학기술원정문 (학교)
20260602_13:10:25	196020415	194000107	울산71자2802	우미린2차 푸르지오2차 (시내)
20260602_13:10:25	194024219	194000107	울산71자2840	현대중공업 울산대학병원
20260602_13:10:26	194024210	194000106	울산71자2838	남목1동
20260602_13:10:36	196040142	196000421	울산71자2659	덕하 (기점)
20260602_13:10:40	193040402	196000422	울산71자2723	공업탑
20260602_13:10:43	196020415	195000178	울산71자3284	우미린2차 푸르지오2차 (시내)
20260602_13:10:45	193012314	195000177	울산71자3213	태화강역 (UNIST)
20260602_13:10:45	192021008	195000177	울산71자3209	울산시립미술관
20260602_13:10:48	196040233	195000222	울산71자3024	UNIST (기점)
20260602_13:11:08	192021209	195000178	울산71자3285	태화강국가정원 동강병원
20260602_13:11:11	193030707	195000222	울산71자2261	울산대학교 (시내)
20260602_13:11:36	193040224	195000177	울산71자3238	굴화주공 아파트앞 (UNIST)
20260602_13:12:02	196040231	195000222	울산71자3024	울산과학기술원정문 (시내)
20260602_13:12:23	196040212	196000421	울산71자2732	범서읍행정복지센터 (UNIST)
20260602_13:12:23	196015414	196000422	울산71자2618	울산역 (시내 방면)
20260602_13:12:26	193040419	195000222	울산71자2219	시외고속버스터미널 (시내)
20260602_13:13:17	193012314	195000221	울산71자3092	태화강역 (UNIST)
20260602_13:14:10	196040205	195000222	울산71자3024	진목회관 (시내)
20260602_13:14:10	196040212	195000221	울산71자3010	범서읍행정복지센터 (UNIST)
20260602_13:15:02	196040212	195000177	울산71자3299	범서읍행정복지센터 (UNIST)
20260602_13:15:16	194024233	194000107	울산71자2840	일산해수욕장
20260602_13:15:34	196040236	196000421	울산71자2732	진목회관 (UNIST)
20260602_13:15:41	192021605	195000178	울산71자3285	성남동
20260602_13:15:47	196020808	195000215	울산71자1710	천상 (UNIST)
20260602_13:15:47	193022417	195000222	울산71자2258	산학융합지구캠퍼스
20260602_13:17:51	196040232	196000421	울산71자2732	울산과학기술원정문 (학교)
20260602_13:17:56	193040420	195000177	울산71자3213	시외고속버스터미널 (UNIST)
20260602_13:17:56	196040236	195000177	울산71자3299	진목회관 (UNIST)
20260602_13:17:57	193040403	195000216	울산71자1744	공업탑
20260602_13:17:57	196040211	195000222	울산71자3024	범서읍행정복지센터 (시내)
20260602_13:17:59	193040420	195000221	울산71자3092	시외고속버스터미널 (UNIST)
20260602_13:17:59	193030708	195000221	울산71자3091	울산대학교 (UNIST)
20260602_13:19:54	193031110	194000106	울산71자2815	시청앞
20260602_13:20:04	196040234	196000421	울산71자2732	울산과학기술원 (경유)
20260602_13:20:04	196015418	196000421	울산71자2648	삼남 (종점)
20260602_13:20:09	193012313	195000222	울산71자2219	태화강역 (시내)
20260602_13:20:11	193022418	195000221	울산71자3012	산학융합지구캠퍼스
20260602_13:20:11	999000065	195000221	울산71자3091	신복교차로 입구
20260602_13:20:11	196040232	195000221	울산71자3010	울산과학기술원정문 (학교)
20260602_13:20:24	196015417	196000422	울산71자2757	삼남 (기점)
20260602_13:22:12	195030616	194000106	울산71자2838	현대출고 사무소앞
20260602_13:22:22	193040224	196000421	울산71자2690	굴화주공 아파트앞 (UNIST)
20260602_13:22:28	196040231	195000178	울산71자3244	울산과학기술원정문 (시내)
20260602_13:22:30	999000145	195000177	울산71자3299	UNIST (종점)
20260602_13:22:30	196040233	195000216	울산71자1866	UNIST (기점)
20260602_13:22:32	196040212	195000215	울산71자1710	범서읍행정복지센터 (UNIST)
20260602_13:22:35	196040233	194000107	울산71자2962	UNIST (기점)
20260602_13:22:35	193040223	194000107	울산71자2802	굴화주공 아파트앞 (시내)
20260602_13:22:35	194024209	194000107	울산71자2859	남목1동
20260602_13:22:53	193040223	195000178	울산71자3284	굴화주공 아파트앞 (시내)
20260602_13:22:56	196040231	195000216	울산71자1866	울산과학기술원정문 (시내)
20260602_13:22:56	193030703	195000216	울산71자1763	신복교차로
20260602_13:22:56	193040404	195000215	울산71자1729	공업탑
20260602_13:22:56	999000148	195000222	울산71자2219	명촌 (종점)
20260602_13:24:42	196020416	195000177	울산71자3238	우미린2차 푸르지오2차 (UNIST)
20260602_13:24:45	196040205	195000216	울산71자1866	진목회관 (시내)
20260602_13:24:47	196020415	195000222	울산71자3024	우미린2차 푸르지오2차 (시내)
20260602_13:24:47	193022417	195000222	울산71자2261	산학융합지구캠퍼스
20260602_13:26:48	194024219	194000107	울산71자2859	현대중공업 울산대학병원
20260602_13:26:50	192021210	194000106	울산71자2815	태화강국가정원 동강병원
20260602_13:27:04	193030707	195000216	울산71자1763	울산대학교 (시내)
20260602_13:27:04	193040419	195000216	울산71자1744	시외고속버스터미널 (시내)
20260602_13:27:06	196040233	195000222	울산71자3045	UNIST (기점)
20260602_13:27:08	193040224	195000221	울산71자3091	굴화주공 아파트앞 (UNIST)
20260602_13:27:25	196040211	195000178	울산71자3244	범서읍행정복지센터 (시내)
20260602_13:27:25	193040419	195000178	울산71자3285	시외고속버스터미널 (시내)
20260602_13:27:26	196040232	195000215	울산71자1710	울산과학기술원정문 (학교)
20260602_13:29:05	194024234	194000106	울산71자2824	일산해수욕장
20260602_13:29:05	999000077	194000106	울산71자2838	태화강역광장
20260602_13:29:16	196020412	196000421	울산71자2690	범서중학교앞
20260602_13:29:17	196040141	196000422	울산71자2723	덕하 (종점)
20260602_13:29:20	193040403	195000222	울산71자2258	공업탑
20260602_13:29:22	193040402	195000221	울산71자3092	공업탑
20260602_13:31:29	193012314	195000221	울산71자3011	태화강역 (UNIST)
20260602_13:31:30	196020807	194000107	울산71자2962	천상 (시내)
20260602_13:31:45	196040232	196000422	울산71자2618	울산과학기술원정문 (학교)
20260602_13:31:49	193012313	195000216	울산71자1744	태화강역 (시내)
20260602_13:31:49	193012314	195000215	울산71자1794	태화강역 (UNIST)
20260602_13:31:49	193040606	195000215	울산71자1729	법원
20260602_13:31:51	193030703	195000222	울산71자3001	신복교차로
20260602_13:31:53	193040420	194000106	울산71자2838	시외고속버스터미널 (UNIST)
20260602_13:33:47	196020807	195000178	울산71자3244	천상 (시내)
20260602_13:33:52	192021209	194000107	울산71자2802	태화강국가정원 동강병원
20260602_13:34:05	193031110	196000421	울산71자2659	시청앞
20260602_13:36:03	193040224	194000106	울산71자2815	굴화주공 아파트앞 (UNIST)
20260602_13:36:20	193012313	195000178	울산71자3285	태화강역 (시내)
20260602_13:36:23	999000148	195000216	울산71자1744	명촌 (종점)
20260602_13:36:24	193030707	195000222	울산71자3001	울산대학교 (시내)
20260602_13:38:18	196040211	196000422	울산71자2618	범서읍행정복지센터 (시내)
20260602_13:38:19	193040605	195000216	울산71자1763	법원
20260602_13:38:21	193040420	195000215	울산71자1794	시외고속버스터미널 (UNIST)
20260602_13:38:21	196020415	195000222	울산71자3045	우미린2차 푸르지오2차 (시내)
20260602_13:38:21	193040403	195000222	울산71자2261	공업탑
20260602_13:38:21	193040419	195000222	울산71자2258	시외고속버스터미널 (시내)
20260602_13:38:21	193040420	195000221	울산71자3011	시외고속버스터미널 (UNIST)
20260602_13:38:21	999000065	195000221	울산71자3012	신복교차로 입구
20260602_13:38:23	196020415	194000107	울산71자2962	우미린2차 푸르지오2차 (시내)
20260602_13:38:33	196015429	196000421	울산71자2732	울산역 (언양 방면)
20260602_13:38:33	192021605	195000178	울산71자3284	성남동
20260602_13:38:35	193022418	195000221	울산71자3092	산학융합지구캠퍼스
20260602_13:39:21	194024210	194000106	울산71자2824	남목1동
20260602_13:39:21	193031110	194000106	울산71자2838	시청앞
20260602_13:40:36	196040236	196000421	울산71자2690	진목회관 (UNIST)
20260602_13:40:38	196015417	196000422	울산71자2648	삼남 (기점)
20260602_13:40:40	196020415	195000178	울산71자3244	우미린2차 푸르지오2차 (시내)
20260602_13:40:45	193012314	195000177	울산71자3263	태화강역 (UNIST)
20260602_13:40:45	192021210	195000177	울산71자3213	태화강국가정원 동강병원
20260602_13:40:45	196040212	195000177	울산71자3238	범서읍행정복지센터 (UNIST)
20260602_13:40:53	193030708	195000215	울산71자1729	울산대학교 (UNIST)
20260602_13:41:32	193030703	195000222	울산71자3024	신복교차로
20260602_13:42:01	196040232	196000421	울산71자2690	울산과학기술원정문 (학교)
20260602_13:44:25	999000065	195000215	울산71자1729	신복교차로 입구
20260602_13:44:26	193030707	195000222	울산71자3024	울산대학교 (시내)
20260602_13:44:26	193012313	195000222	울산71자2258	태화강역 (시내)
20260602_13:44:26	193040224	195000221	울산71자3012	굴화주공 아파트앞 (UNIST)
20260602_13:44:26	196020416	194000106	울산71자2815	우미린2차 푸르지오2차 (UNIST)
20260602_13:44:36	196040231	196000421	울산71자2690	울산과학기술원정문 (시내)
20260602_13:44:37	196015414	196000422	울산71자2757	울산역 (시내 방면)
20260602_13:44:56	196020415	196000422	울산71자2618	우미린2차 푸르지오2차 (시내)
20260602_13:47:05	196040231	195000178	울산71자3299	울산과학기술원정문 (시내)
20260602_13:47:07	193040420	195000177	울산71자3263	시외고속버스터미널 (UNIST)
20260602_13:47:07	196040232	195000177	울산71자3238	울산과학기술원정문 (학교)
20260602_13:47:09	193040403	195000216	울산71자1763	공업탑
20260602_13:47:11	999000149	195000221	울산71자3010	명촌 (기점)
20260602_13:47:11	999000149	195000221	울산71자3042	명촌 (기점)
20260602_13:47:11	196040212	195000221	울산71자3091	범서읍행정복지센터 (UNIST)
20260602_13:48:39	193040223	194000107	울산71자2962	굴화주공 아파트앞 (시내)
20260602_13:48:42	192021210	194000106	울산71자2838	태화강국가정원 동강병원
20260602_13:50:15	193040402	195000221	울산71자3011	공업탑
20260602_13:50:15	196040236	195000221	울산71자3091	진목회관 (UNIST)
20260602_13:50:27	196040142	196000421	울산71자2723	덕하 (기점)
20260602_13:50:29	196040233	195000216	울산71자1710	UNIST (기점)
20260602_13:50:29	193030703	195000216	울산71자1866	신복교차로
20260602_13:50:29	193040404	195000215	울산71자1794	공업탑
20260602_13:50:29	193040223	195000222	울산71자3045	굴화주공 아파트앞 (시내)
20260602_13:53:09	193030707	195000216	울산71자1866	울산대학교 (시내)
20260602_13:53:11	193022417	195000222	울산71자3001	산학융합지구캠퍼스
20260602_13:53:14	193012314	195000221	울산71자3042	태화강역 (UNIST)
20260602_13:53:14	196020416	195000221	울산71자3012	우미린2차 푸르지오2차 (UNIST)
20260602_13:53:14	999000145	195000221	울산71자3091	UNIST (종점)
20260602_13:53:23	195030616	194000106	울산71자2824	현대출고 사무소앞
20260602_13:53:23	196020808	194000106	울산71자2815	천상 (UNIST)
20260602_13:53:33	193040224	196000421	울산71자2659	굴화주공 아파트앞 (UNIST)
20260602_13:53:35	193040419	195000178	울산71자3284	시외고속버스터미널 (시내)
20260602_13:53:35	193040224	195000177	울산71자3213	굴화주공 아파트앞 (UNIST)
20260602_13:53:35	196040205	195000216	울산71자1710	진목회관 (시내)
20260602_13:54:25	196020808	195000177	울산71자3209	천상 (UNIST)
20260602_13:54:57	193012313	195000222	울산71자2261	태화강역 (시내)
20260602_13:54:59	999000065	195000221	울산71자3092	신복교차로 입구
20260602_13:55:20	999000149	195000177	울산71자3212	명촌 (기점)
20260602_13:55:53	196020415	195000222	울산71자3010	우미린2차 푸르지오2차 (시내)
20260602_13:55:53	193030703	195000222	울산71자3045	신복교차로
20260602_13:56:07	193040223	196000422	울산71자2618	굴화주공 아파트앞 (시내)
20260602_13:56:15	196040211	195000216	울산71자1710	범서읍행정복지센터 (시내)
20260602_13:56:37	193012313	195000178	울산71자3284	태화강역 (시내)
20260602_13:56:39	193040419	195000216	울산71자1763	시외고속버스터미널 (시내)
20260602_13:56:39	196020808	195000215	울산71자1729	천상 (UNIST)
20260602_13:56:46	194024234	194000106	울산71자2840	일산해수욕장
20260602_13:56:46	193040224	194000106	울산71자2838	굴화주공 아파트앞 (UNIST)
20260602_13:58:59	192021209	194000107	울산71자2962	태화강국가정원 동강병원
20260602_13:59:10	196020412	196000421	울산71자2659	범서중학교앞
20260602_13:59:10	196015429	196000421	울산71자2690	울산역 (언양 방면)
20260602_13:59:11	196020807	195000178	울산71자3299	천상 (시내)
20260602_13:59:11	999000148	195000178	울산71자3284	명촌 (종점)
20260602_13:59:15	193030707	195000222	울산71자3045	울산대학교 (시내)
20260602_13:59:18	193022418	195000221	울산71자3011	산학융합지구캠퍼스
20260602_13:59:36	196040212	195000177	울산71자3209	범서읍행정복지센터 (UNIST)
20260602_13:59:37	193022417	195000222	울산71자3024	산학융합지구캠퍼스
20260602_14:00:17	999000077	194000106	울산71자2824	태화강역광장
20260602_14:01:46	196040232	196000422	울산71자2757	울산과학기술원정문 (학교)
20260602_14:01:47	193012314	195000177	울산71자3212	태화강역 (UNIST)
20260602_14:01:47	196020807	195000216	울산71자1710	천상 (시내)
20260602_14:01:47	999000148	195000222	울산71자2261	명촌 (종점)
20260602_14:01:53	196040212	195000221	울산71자3012	범서읍행정복지센터 (UNIST)
20260602_14:02:17	196040234	196000422	울산71자2757	울산과학기술원 (경유)
20260602_14:02:17	192021209	195000178	울산71자3244	태화강국가정원 동강병원
20260602_14:02:21	192021008	195000177	울산71자3263	울산시립미술관
20260602_14:02:27	193040403	195000222	울산71자3001	공업탑
20260602_14:02:31	193040420	195000221	울산71자3042	시외고속버스터미널 (UNIST)
20260602_14:02:31	193040224	195000221	울산71자3092	굴화주공 아파트앞 (UNIST)
20260602_14:02:36	194024220	194000106	울산71자2840	현대중공업 울산대학병원
20260602_14:02:36	999000145	194000106	울산71자2815	UNIST (종점)
20260602_14:02:54	196040236	195000177	울산71자3209	진목회관 (UNIST)
20260602_14:02:56	193012313	195000216	울산71자1763	태화강역 (시내)
20260602_14:03:36	196015414	196000422	울산71자2648	울산역 (시내 방면)
20260602_14:03:36	196040231	196000422	울산71자2757	울산과학기술원정문 (시내)
20260602_14:03:47	196040236	195000221	울산71자3012	진목회관 (UNIST)
20260602_14:03:50	196020416	194000106	울산71자2838	우미린2차 푸르지오2차 (UNIST)
20260602_14:04:08	193040605	195000216	울산71자1866	법원
20260602_14:04:13	196040212	195000215	울산71자1729	범서읍행정복지센터 (UNIST)
20260602_14:04:30	196020807	194000107	울산71자2832	천상 (시내)
20260602_14:05:21	196040212	196000421	울산71자2659	범서읍행정복지센터 (UNIST)
20260602_14:05:23	196040205	196000422	울산71자2757	진목회관 (시내)
20260602_14:05:50	196040233	195000222	울산71자3091	UNIST (기점)
20260602_14:05:51	999000149	195000221	울산71자2219	명촌 (기점)
20260602_14:05:51	196040232	195000221	울산71자3012	울산과학기술원정문 (학교)
20260602_14:05:55	193040420	194000106	울산71자2824	시외고속버스터미널 (UNIST)
20260602_14:06:09	196015418	196000421	울산71자2732	삼남 (종점)
20260602_14:06:18	196040233	195000178	울산71자3238	UNIST (기점)
20260602_14:06:26	999000145	195000177	울산71자3209	UNIST (종점)
20260602_14:07:28	999000145	195000221	울산71자3012	UNIST (종점)
20260602_14:07:35	193031109	194000107	울산71자2962	시청앞
20260602_14:07:56	196020415	195000178	울산71자3299	우미린2차 푸르지오2차 (시내)
20260602_14:07:56	192021605	195000178	울산71자3244	성남동
20260602_14:08:00	999000148	195000216	울산71자1763	명촌 (종점)
20260602_14:08:02	193030708	195000215	울산71자1794	울산대학교 (UNIST)
20260602_14:08:04	196040231	195000222	울산71자3091	울산과학기술원정문 (시내)
20260602_14:08:04	193040223	195000222	울산71자3010	굴화주공 아파트앞 (시내)
20260602_14:08:18	196040236	196000421	울산71자2659	진목회관 (UNIST)
20260602_14:08:22	196040211	196000422	울산71자2757	범서읍행정복지센터 (시내)
20260602_14:08:25	193040420	195000177	울산71자3212	시외고속버스터미널 (UNIST)
20260602_14:08:59	194024210	194000106	울산71자2840	남목1동
20260602_14:09:17	193040403	195000222	울산71자3024	공업탑
20260602_14:09:36	196040232	195000215	울산71자1729	울산과학기술원정문 (학교)
20260602_14:10:39	196040234	196000421	울산71자2659	울산과학기술원 (경유)
20260602_14:10:39	196015417	196000422	울산71자2732	삼남 (기점)
20260602_14:10:44	193040223	195000216	울산71자1710	굴화주공 아파트앞 (시내)
20260602_14:10:45	999000065	195000215	울산71자1794	신복교차로 입구
20260602_14:10:45	999000145	195000215	울산71자1729	UNIST (종점)
20260602_14:10:46	193040419	195000222	울산71자3001	시외고속버스터미널 (시내)
20260602_14:10:47	193012314	195000221	울산71자2219	태화강역 (UNIST)
20260602_14:11:31	196020415	194000107	울산71자2832	우미린2차 푸르지오2차 (시내)
20260602_14:11:57	192021210	195000177	울산71자3263	태화강국가정원 동강병원
20260602_14:11:57	196020808	195000177	울산71자3213	천상 (UNIST)
20260602_14:12:25	193031109	196000422	울산71자2618	시청앞
20260602_14:12:34	196040211	195000222	울산71자3091	범서읍행정복지센터 (시내)
20260602_14:15:35	193030703	195000216	울산71자1710	신복교차로
20260602_14:15:35	193040403	195000216	울산71자1866	공업탑
20260602_14:15:44	193040402	195000221	울산71자3042	공업탑
20260602_14:15:44	999000065	195000221	울산71자3011	신복교차로 입구
20260602_14:15:44	196040212	195000221	울산71자3092	범서읍행정복지센터 (UNIST)
20260602_14:15:44	193040419	194000107	울산71자2962	시외고속버스터미널 (시내)
20260602_14:15:44	193031110	194000106	울산71자2824	시청앞
20260602_14:15:55	193031110	196000421	울산71자2723	시청앞
20260602_14:15:55	196020415	196000422	울산71자2757	우미린2차 푸르지오2차 (시내)
20260602_14:15:55	193040402	196000422	울산71자2618	공업탑
20260602_14:15:55	999000149	195000215	울산71자1744	명촌 (기점)
20260602_14:15:55	193022417	195000222	울산71자3045	산학융합지구캠퍼스
20260602_14:16:29	193030707	195000222	울산71자3010	울산대학교 (시내)
20260602_14:16:29	193012313	195000222	울산71자3001	태화강역 (시내)
20260602_14:17:13	196040212	195000177	울산71자3213	범서읍행정복지센터 (UNIST)
20260602_14:18:40	193040419	195000222	울산71자3024	시외고속버스터미널 (시내)
20260602_14:18:49	193040420	195000221	울산71자2219	시외고속버스터미널 (UNIST)
20260602_14:18:49	196040236	195000221	울산71자3092	진목회관 (UNIST)
20260602_14:18:50	999000209	194000107	울산71자2962	태화강역광장
20260602_14:19:08	193040223	195000178	울산71자3299	굴화주공 아파트앞 (시내)
20260602_14:19:08	193040419	195000178	울산71자3244	시외고속버스터미널 (시내)
20260602_14:19:11	193040224	195000215	울산71자1794	굴화주공 아파트앞 (UNIST)
20260602_14:19:11	196020415	195000222	울산71자3091	우미린2차 푸르지오2차 (시내)
20260602_14:20:16	999000148	195000222	울산71자3001	명촌 (종점)
20260602_14:20:16	196040232	195000221	울산71자3092	울산과학기술원정문 (학교)
20260602_14:22:33	192021008	195000177	울산71자3212	울산시립미술관
20260602_14:22:35	193012314	195000215	울산71자1744	태화강역 (UNIST)
20260602_14:22:35	193022418	195000221	울산71자3042	산학융합지구캠퍼스
20260602_14:22:35	193040224	195000221	울산71자3011	굴화주공 아파트앞 (UNIST)
20260602_14:22:35	196040233	194000107	울산71자2815	UNIST (기점)
20260602_14:22:35	192021210	194000106	울산71자2824	태화강국가정원 동강병원
20260602_14:22:45	196040142	196000421	울산71자2678	덕하 (기점)
20260602_14:22:46	196040232	196000422	울산71자2648	울산과학기술원정문 (학교)
20260602_14:22:47	193040224	195000177	울산71자3263	굴화주공 아파트앞 (UNIST)
20260602_14:22:50	193040223	194000107	울산71자2832	굴화주공 아파트앞 (시내)
20260602_14:24:25	195030616	194000106	울산71자2840	현대출고 사무소앞
20260602_14:24:40	196040234	196000422	울산71자2648	울산과학기술원 (경유)
20260602_14:24:42	196040232	195000177	울산71자3213	울산과학기술원정문 (학교)
20260602_14:25:14	999000145	194000106	울산71자2838	UNIST (종점)
20260602_14:25:25	196015429	196000421	울산71자2659	울산역 (언양 방면)
20260602_14:25:25	196015418	196000421	울산71자2690	삼남 (종점)
20260602_14:25:29	196040231	196000422	울산71자2648	울산과학기술원정문 (시내)
20260602_14:25:29	193040223	196000422	울산71자2757	굴화주공 아파트앞 (시내)
20260602_14:25:29	196040231	195000178	울산71자3209	울산과학기술원정문 (시내)
20260602_14:25:29	196020415	195000178	울산71자3238	우미린2차 푸르지오2차 (시내)
20260602_14:25:29	193012313	195000178	울산71자3244	태화강역 (시내)
20260602_14:25:30	999000149	195000177	울산71자3285	명촌 (기점)
20260602_14:25:34	193012313	195000222	울산71자3024	태화강역 (시내)
20260602_14:25:36	999000149	195000221	울산71자2258	명촌 (기점)
20260602_14:25:57	999000145	195000177	울산71자3213	UNIST (종점)
20260602_14:26:00	196040233	195000216	울산71자1729	UNIST (기점)
20260602_14:26:07	196040233	195000222	울산71자3012	UNIST (기점)
20260602_14:26:12	195030615	194000107	울산71자2962	현대출고 사무소앞
20260602_14:28:08	193012313	195000216	울산71자1866	태화강역 (시내)
20260602_14:28:09	196040231	195000222	울산71자3012	울산과학기술원정문 (시내)
20260602_14:28:09	193040403	195000222	울산71자3045	공업탑
20260602_14:28:58	193040224	196000421	울산71자2723	굴화주공 아파트앞 (UNIST)
20260602_14:29:01	999000148	195000178	울산71자3244	명촌 (종점)
20260602_14:29:04	196020808	195000215	울산71자1794	천상 (UNIST)
20260602_14:29:06	999000148	195000222	울산71자3024	명촌 (종점)
20260602_14:29:51	196040205	195000216	울산71자1729	진목회관 (시내)
20260602_14:29:51	193040420	195000215	울산71자1744	시외고속버스터미널 (UNIST)
20260602_14:29:51	196040205	195000222	울산71자3012	진목회관 (시내)
20260602_14:30:15	196040211	196000422	울산71자2648	범서읍행정복지센터 (시내)
20260602_14:30:15	196040211	195000178	울산71자3209	범서읍행정복지센터 (시내)
20260602_14:30:56	192021209	195000178	울산71자3299	태화강국가정원 동강병원
20260602_14:30:57	193012314	195000177	울산71자3285	태화강역 (UNIST)
20260602_14:30:57	192021210	195000177	울산71자3212	태화강국가정원 동강병원
20260602_14:31:00	193040223	195000222	울산71자3091	굴화주공 아파트앞 (시내)
20260602_14:31:01	193012314	195000221	울산71자2258	태화강역 (UNIST)
20260602_14:31:03	999000077	194000106	울산71자2840	태화강역광장
20260602_14:31:20	193040605	195000216	울산71자1710	법원
20260602_14:31:22	193040402	195000221	울산71자2219	공업탑
20260602_14:31:24	196020807	194000107	울산71자2815	천상 (시내)
20260602_14:31:25	193040224	194000106	울산71자2824	굴화주공 아파트앞 (UNIST)
20260602_14:31:40	196015414	196000422	울산71자2732	울산역 (시내 방면)
20260602_14:32:09	196040211	195000216	울산71자1729	범서읍행정복지센터 (시내)
20260602_14:32:28	196040211	195000222	울산71자3012	범서읍행정복지센터 (시내)
20260602_14:32:28	193022417	195000222	울산71자3010	산학융합지구캠퍼스
20260602_14:32:57	196020416	195000221	울산71자3011	우미린2차 푸르지오2차 (UNIST)
20260602_14:33:45	194024220	194000106	울산71자2859	현대중공업 울산대학병원
20260602_14:34:58	196020412	196000421	울산71자2723	범서중학교앞
20260602_14:35:02	196020807	195000178	울산71자3209	천상 (시내)
20260602_14:35:03	193030708	195000221	울산71자3042	울산대학교 (UNIST)
20260602_14:35:13	193040420	194000106	울산71자2840	시외고속버스터미널 (UNIST)
20260602_14:35:30	192021605	195000178	울산71자3299	성남동
20260602_14:35:30	196020416	195000177	울산71자3263	우미린2차 푸르지오2차 (UNIST)
20260602_14:35:31	196040212	195000215	울산71자1794	범서읍행정복지센터 (UNIST)
20260602_14:35:31	193030703	195000222	울산71자3091	신복교차로
20260602_14:37:24	196020415	196000422	울산71자2648	우미린2차 푸르지오2차 (시내)
20260602_14:37:32	999000065	195000221	울산71자3042	신복교차로 입구
20260602_14:37:50	196020807	195000216	울산71자1729	천상 (시내)
20260602_14:38:16	193040419	195000222	울산71자3045	시외고속버스터미널 (시내)
20260602_14:38:17	196020415	194000107	울산71자2815	우미린2차 푸르지오2차 (시내)
20260602_14:38:30	196020415	195000222	울산71자3012	우미린2차 푸르지오2차 (시내)
20260602_14:39:45	193040420	195000177	울산71자3285	시외고속버스터미널 (UNIST)
20260602_14:39:46	196040236	195000215	울산71자1794	진목회관 (UNIST)
20260602_14:39:47	193030707	195000222	울산71자3091	울산대학교 (시내)
20260602_14:39:48	193040420	195000221	울산71자2258	시외고속버스터미널 (UNIST)
20260602_14:39:50	194024210	194000106	울산71자2859	남목1동
20260602_14:40:25	196015417	196000422	울산71자2690	삼남 (기점)
20260602_14:40:29	193040403	195000216	울산71자1710	공업탑
20260602_14:40:32	999000149	195000215	울산71자1763	명촌 (기점)
20260602_14:40:34	196040212	195000221	울산71자3011	범서읍행정복지센터 (UNIST)
20260602_14:40:36	194024209	194000107	울산71자2962	남목1동
20260602_14:40:38	196020416	194000106	울산71자2824	우미린2차 푸르지오2차 (UNIST)
20260602_14:41:25	196040232	195000215	울산71자1794	울산과학기술원정문 (학교)
20260602_14:41:26	193022418	195000221	울산71자2219	산학융합지구캠퍼스
20260602_14:41:40	196040212	196000421	울산71자2723	범서읍행정복지센터 (UNIST)
20260602_14:41:47	193040224	195000177	울산71자3212	굴화주공 아파트앞 (UNIST)
20260602_14:42:09	193040403	195000222	울산71자3010	공업탑
20260602_14:43:20	193040404	195000215	울산71자1744	공업탑
20260602_14:43:21	193012313	195000222	울산71자3045	태화강역 (시내)
20260602_14:43:21	193040224	195000221	울산71자3042	굴화주공 아파트앞 (UNIST)
20260602_14:43:34	196020415	195000178	울산71자3209	우미린2차 푸르지오2차 (시내)
20260602_14:45:07	196040236	196000421	울산71자2723	진목회관 (UNIST)
20260602_14:45:12	193040223	196000422	울산71자2648	굴화주공 아파트앞 (시내)
20260602_14:45:12	193031109	196000422	울산71자2757	시청앞
20260602_14:45:20	193040223	195000216	울산71자1729	굴화주공 아파트앞 (시내)
20260602_14:45:28	999000149	195000221	울산71자2261	명촌 (기점)
20260602_14:45:28	196040232	195000221	울산71자3011	울산과학기술원정문 (학교)
20260602_14:45:28	193031109	194000107	울산71자2832	시청앞
20260602_14:45:28	194024219	194000107	울산71자2962	현대중공업 울산대학병원
20260602_14:45:30	193031110	194000106	울산71자2840	시청앞
20260602_14:45:46	196040233	195000178	울산71자3213	UNIST (기점)
20260602_14:45:54	196040233	195000222	울산71자3092	UNIST (기점)
20260602_14:45:56	193040223	194000107	울산71자2815	굴화주공 아파트앞 (시내)
20260602_14:46:13	193012314	195000215	울산71자1763	태화강역 (UNIST)
20260602_14:47:01	196040232	196000421	울산71자2723	울산과학기술원정문 (학교)
20260602_14:47:07	196040231	195000178	울산71자3213	울산과학기술원정문 (시내)
20260602_14:47:14	196040231	195000222	울산71자3092	울산과학기술원정문 (시내)
20260602_14:47:31	196040234	196000421	울산71자2723	울산과학기술원 (경유)
20260602_14:49:34	196020808	194000106	울산71자2824	천상 (UNIST)
20260602_14:49:46	193040402	196000422	울산71자2757	공업탑
20260602_14:49:47	193040419	195000178	울산71자3299	시외고속버스터미널 (시내)
20260602_14:49:47	196040212	195000177	울산71자3263	범서읍행정복지센터 (UNIST)
20260602_14:49:47	193040419	195000216	울산71자1710	시외고속버스터미널 (시내)
20260602_14:49:51	193040223	195000222	울산71자3012	굴화주공 아파트앞 (시내)
20260602_14:50:38	192021209	195000178	울산71자3238	태화강국가정원 동강병원
20260602_14:51:01	196015418	196000421	울산71자2659	삼남 (종점)
20260602_14:51:03	193040402	196000422	울산71자2757	공업탑
20260602_14:51:21	196040211	195000222	울산71자3092	범서읍행정복지센터 (시내)
20260602_14:51:27	193040419	194000107	울산71자2832	시외고속버스터미널 (시내)
20260602_14:51:27	194024233	194000107	울산71자2962	일산해수욕장
20260602_14:51:49	193031110	196000421	울산71자2678	시청앞
20260602_14:51:53	196040232	196000422	울산71자2732	울산과학기술원정문 (학교)
20260602_14:51:55	196040211	195000178	울산71자3213	범서읍행정복지센터 (시내)
20260602_14:51:55	196020416	195000177	울산71자3212	우미린2차 푸르지오2차 (UNIST)
20260602_14:52:04	193012314	195000221	울산71자2261	태화강역 (UNIST)
20260602_14:52:04	196020416	195000221	울산71자3042	우미린2차 푸르지오2차 (UNIST)
20260602_14:52:37	196040234	196000422	울산71자2732	울산과학기술원 (경유)
20260602_14:52:39	196040236	195000177	울산71자3263	진목회관 (UNIST)
20260602_14:52:39	193030703	195000216	울산71자1729	신복교차로
20260602_14:52:40	193040420	195000215	울산71자1763	시외고속버스터미널 (UNIST)
20260602_14:52:43	192021209	194000107	울산71자2815	태화강국가정원 동강병원
20260602_14:53:04	999000148	195000222	울산71자3045	명촌 (종점)
20260602_14:53:05	193040402	195000221	울산71자2258	공업탑
20260602_14:53:36	193030703	195000222	울산71자3012	신복교차로
20260602_14:53:36	193040419	195000222	울산71자3010	시외고속버스터미널 (시내)
20260602_14:53:53	193012313	195000178	울산71자3299	태화강역 (시내)
20260602_14:53:54	193012313	195000216	울산71자1710	태화강역 (시내)
20260602_14:54:11	193040606	195000215	울산71자1744	법원
20260602_14:56:10	196040205	196000422	울산71자2732	진목회관 (시내)
20260602_14:56:12	193040223	195000178	울산71자3209	굴화주공 아파트앞 (시내)
20260602_14:56:12	192021605	195000178	울산71자3238	성남동
20260602_14:56:13	999000149	195000177	울산71자3284	명촌 (기점)
20260602_14:56:13	196040232	195000177	울산71자3263	울산과학기술원정문 (학교)
20260602_14:56:13	196040233	195000216	울산71자1794	UNIST (기점)
20260602_14:56:13	193030707	195000216	울산71자1729	울산대학교 (시내)
20260602_14:56:15	193030707	195000222	울산71자3012	울산대학교 (시내)
20260602_14:56:15	193022417	195000222	울산71자3091	산학융합지구캠퍼스
20260602_14:56:17	999000209	194000107	울산71자2832	태화강역광장
20260602_14:56:18	195030616	194000106	울산71자2859	현대출고 사무소앞
20260602_14:56:30	999000145	195000177	울산71자3263	UNIST (종점)
20260602_14:57:37	196020807	195000178	울산71자3213	천상 (시내)
20260602_14:57:44	196020415	195000222	울산71자3092	우미린2차 푸르지오2차 (시내)
20260602_14:57:45	192021210	194000106	울산71자2840	태화강국가정원 동강병원
20260602_14:59:08	196040211	196000422	울산71자2732	범서읍행정복지센터 (시내)
20260602_14:59:14	192021008	195000177	울산71자3285	울산시립미술관
20260602_14:59:20	193040420	195000221	울산71자2261	시외고속버스터미널 (UNIST)
20260602_14:59:20	193030708	195000221	울산71자2219	울산대학교 (UNIST)
20260602_14:59:20	196040212	195000221	울산71자3042	범서읍행정복지센터 (UNIST)
20260602_14:59:25	999000145	194000106	울산71자2824	UNIST (종점)
20260602_15:00:34	193031109	194000107	울산71자2815	시청앞
20260602_15:00:34	194019016	194000107	울산71자2962	꽃바위 (종점)
20260602_15:00:34	194019014	194000106	울산71자2972	꽃바위 (기점)
20260602_15:00:59	999000065	195000221	울산71자2219	신복교차로 입구
20260602_15:01:00	196040233	194000107	울산71자2838	UNIST (기점)
20260602_15:01:03	194019014	194000106	울산71자2802	꽃바위 (기점)
20260602_15:01:26	193012313	195000222	울산71자3010	태화강역 (시내)
20260602_15:01:26	196040236	195000221	울산71자3042	진목회관 (UNIST)
20260602_15:01:43	196040211	195000216	울산71자1794	범서읍행정복지센터 (시내)
20260602_15:01:43	999000148	195000216	울산71자1710	명촌 (종점)
20260602_15:01:48	193030708	195000215	울산71자1744	울산대학교 (UNIST)
20260602_15:02:04	196015429	196000421	울산71자2723	울산역 (언양 방면)
20260602_15:02:09	196015414	196000422	울산71자2690	울산역 (시내 방면)
20260602_15:02:43	193022418	195000221	울산71자2258	산학융합지구캠퍼스
20260602_15:02:44	999000077	194000106	울산71자2859	태화강역광장
20260602_15:02:56	193031109	196000422	울산71자2648	시청앞
20260602_15:03:37	999000149	195000221	울산71자3001	명촌 (기점)
20260602_15:03:37	196040232	195000221	울산71자3042	울산과학기술원정문 (학교)
20260602_15:04:01	193012314	195000177	울산71자3284	태화강역 (UNIST)
20260602_15:04:03	999000145	195000221	울산71자3042	UNIST (종점)
20260602_15:04:58	192021210	195000177	울산71자3285	태화강국가정원 동강병원
20260602_15:04:59	193040404	195000215	울산71자1763	공업탑
20260602_15:04:59	999000065	195000215	울산71자1744	신복교차로 입구
20260602_15:04:59	193040224	194000106	울산71자2840	굴화주공 아파트앞 (UNIST)
20260602_15:06:22	196020415	196000422	울산71자2732	우미린2차 푸르지오2차 (시내)
20260602_15:06:22	193040402	196000422	울산71자2648	공업탑
20260602_15:06:24	196020415	195000178	울산71자3213	우미린2차 푸르지오2차 (시내)
20260602_15:06:24	193040419	195000178	울산71자3238	시외고속버스터미널 (시내)
20260602_15:06:25	193040605	195000216	울산71자1729	법원
20260602_15:06:28	999000149	195000221	울산71자3011	명촌 (기점)
20260602_15:06:30	193040419	194000107	울산71자2815	시외고속버스터미널 (시내)
20260602_15:06:30	193040420	194000106	울산71자2859	시외고속버스터미널 (UNIST)
20260602_15:06:45	193040403	195000222	울산71자3091	공업탑
20260602_15:08:44	193040224	196000421	울산71자2678	굴화주공 아파트앞 (UNIST)
20260602_15:08:44	196040141	196000422	울산71자2757	덕하 (종점)
20260602_15:10:23	192021605	195000178	울산71자3209	성남동
20260602_15:10:28	196040212	195000177	울산71자3212	범서읍행정복지센터 (UNIST)
20260602_15:10:30	196020807	195000216	울산71자1794	천상 (시내)
20260602_15:10:32	193040224	195000215	울산71자1744	굴화주공 아파트앞 (UNIST)
20260602_15:10:34	999000148	195000222	울산71자3010	명촌 (종점)
20260602_15:10:34	193012314	195000221	울산71자3001	태화강역 (UNIST)
20260602_15:10:34	193040402	195000221	울산71자2261	공업탑
20260602_15:10:37	999000209	194000107	울산71자2815	태화강역광장
20260602_15:10:53	999000149	195000215	울산71자1866	명촌 (기점)
20260602_15:11:22	193040420	195000177	울산71자3284	시외고속버스터미널 (UNIST)
20260602_15:11:46	193030703	195000222	울산71자3092	신복교차로
20260602_15:11:59	193031110	196000421	울산71자2618	시청앞
20260602_15:12:01	193040606	195000215	울산71자1763	법원
20260602_15:12:02	193022417	195000222	울산71자3012	산학융합지구캠퍼스
20260602_15:12:03	196020807	194000107	울산71자2838	천상 (시내)
20260602_15:13:54	193012313	195000178	울산71자3238	태화강역 (시내)
20260602_15:13:54	196040236	195000177	울산71자3212	진목회관 (UNIST)
20260602_15:13:58	194024234	194000106	울산71자2972	일산해수욕장
20260602_15:15:42	193040403	195000216	울산71자1729	공업탑
20260602_15:15:46	193030707	195000222	울산71자3092	울산대학교 (시내)
20260602_15:15:50	196020416	194000106	울산71자2840	우미린2차 푸르지오2차 (UNIST)
20260602_15:16:06	193040224	195000177	울산71자3285	굴화주공 아파트앞 (UNIST)
20260602_15:16:06	196040232	195000177	울산71자3212	울산과학기술원정문 (학교)
20260602_15:16:09	193012314	195000215	울산71자1866	태화강역 (UNIST)
20260602_15:16:34	193040419	195000222	울산71자3091	시외고속버스터미널 (시내)
20260602_15:16:37	193030708	195000221	울산71자2258	울산대학교 (UNIST)
20260602_15:16:55	196020412	196000421	울산71자2678	범서중학교앞
20260602_15:17:04	999000145	195000177	울산71자3212	UNIST (종점)
20260602_15:18:11	193040420	195000221	울산71자3001	시외고속버스터미널 (UNIST)
20260602_15:18:11	196020416	195000221	울산71자2219	우미린2차 푸르지오2차 (UNIST)
20260602_15:18:15	193031110	194000106	울산71자2859	시청앞
20260602_15:18:25	193040223	196000422	울산71자2732	굴화주공 아파트앞 (시내)
20260602_15:19:44	194024220	194000106	울산71자2972	현대중공업 울산대학병원
20260602_15:19:56	999000065	195000221	울산71자2258	신복교차로 입구
20260602_15:19:58	196020415	194000107	울산71자2838	우미린2차 푸르지오2차 (시내)
20260602_15:21:37	196040142	196000421	울산71자2757	덕하 (기점)
20260602_15:21:37	196040232	196000422	울산71자2690	울산과학기술원정문 (학교)
20260602_15:21:37	196040233	195000178	울산71자3263	UNIST (기점)
20260602_15:21:39	193040223	195000216	울산71자1794	굴화주공 아파트앞 (시내)
20260602_15:21:39	196020808	195000215	울산71자1744	천상 (UNIST)
20260602_15:21:40	193022418	195000221	울산71자2261	산학융합지구캠퍼스
20260602_15:22:12	193012313	195000222	울산71자3091	태화강역 (시내)
20260602_15:22:27	196040234	196000422	울산71자2690	울산과학기술원 (경유)
20260602_15:22:27	196040231	195000178	울산71자3263	울산과학기술원정문 (시내)
20260602_15:22:27	999000148	195000178	울산71자3238	명촌 (종점)
20260602_15:22:28	193030708	195000215	울산71자1763	울산대학교 (UNIST)
20260602_15:24:04	195030615	194000107	울산71자2815	현대출고 사무소앞
20260602_15:24:04	196020808	194000106	울산71자2840	천상 (UNIST)
20260602_15:24:14	196040212	196000421	울산71자2678	범서읍행정복지센터 (UNIST)
20260602_15:24:14	193040419	195000178	울산71자3209	시외고속버스터미널 (시내)
20260602_15:24:16	193040420	195000215	울산71자1866	시외고속버스터미널 (UNIST)
20260602_15:24:16	193040403	195000222	울산71자3012	공업탑
20260602_15:25:48	999000065	195000215	울산71자1763	신복교차로 입구
20260602_15:25:51	196040233	195000222	울산71자3042	UNIST (기점)
20260602_15:25:51	193022417	195000222	울산71자3092	산학융합지구캠퍼스
20260602_15:25:52	999000149	195000221	울산71자3024	명촌 (기점)
20260602_15:25:52	196040212	195000221	울산71자2219	범서읍행정복지센터 (UNIST)
20260602_15:25:54	194024209	194000107	울산71자2832	남목1동
20260602_15:25:54	194024210	194000106	울산71자2972	남목1동
20260602_15:26:11	196020416	195000177	울산71자3285	우미린2차 푸르지오2차 (UNIST)
20260602_15:26:14	193040419	195000216	울산71자1729	시외고속버스터미널 (시내)
20260602_15:27:02	196040231	195000222	울산71자3042	울산과학기술원정문 (시내)
20260602_15:27:15	196040236	196000421	울산71자2678	진목회관 (UNIST)
20260602_15:27:17	196040211	195000178	울산71자3263	범서읍행정복지센터 (시내)
20260602_15:29:14	196040232	196000421	울산71자2678	울산과학기술원정문 (학교)
20260602_15:29:14	196015418	196000421	울산71자2723	삼남 (종점)
20260602_15:29:15	196040211	196000422	울산71자2690	범서읍행정복지센터 (시내)
20260602_15:29:16	192021209	195000178	울산71자3213	태화강국가정원 동강병원
20260602_15:29:16	193030703	195000216	울산71자1794	신복교차로
20260602_15:29:17	196040212	195000215	울산71자1744	범서읍행정복지센터 (UNIST)
20260602_15:29:18	193040224	195000221	울산71자2258	굴화주공 아파트앞 (UNIST)
20260602_15:29:18	194024209	194000107	울산71자2832	남목1동
20260602_15:29:19	192021210	194000106	울산71자2859	태화강국가정원 동강병원
20260602_15:30:45	194019014	194000106	울산71자2962	꽃바위 (기점)
20260602_15:30:55	193040224	196000421	울산71자2618	굴화주공 아파트앞 (UNIST)
20260602_15:30:55	196040234	196000421	울산71자2678	울산과학기술원 (경유)
20260602_15:30:58	193012313	195000178	울산71자3209	태화강역 (시내)
20260602_15:30:59	999000149	195000177	울산71자3244	명촌 (기점)
20260602_15:31:05	999000145	195000221	울산71자2219	UNIST (종점)
20260602_15:31:24	192021008	195000177	울산71자3284	울산시립미술관
20260602_15:31:24	193012313	195000216	울산71자1729	태화강역 (시내)
20260602_15:31:25	196040211	195000222	울산71자3042	범서읍행정복지센터 (시내)
20260602_15:31:26	193012314	195000221	울산71자3024	태화강역 (UNIST)
20260602_15:32:55	193030707	195000216	울산71자1794	울산대학교 (시내)
20260602_15:32:56	999000148	195000222	울산71자3091	명촌 (종점)
20260602_15:32:56	193040402	195000221	울산71자3001	공업탑
20260602_15:32:57	194024219	194000107	울산71자2832	현대중공업 울산대학병원
20260602_15:33:10	196040236	195000215	울산71자1744	진목회관 (UNIST)
20260602_15:35:00	196020807	195000178	울산71자3263	천상 (시내)
20260602_15:35:00	192021605	195000178	울산71자3213	성남동
20260602_15:35:01	193040419	195000222	울산71자3012	시외고속버스터미널 (시내)
20260602_15:37:03	196020415	196000422	울산71자2690	우미린2차 푸르지오2차 (시내)
20260602_15:37:04	999000148	195000178	울산71자3209	명촌 (종점)
20260602_15:37:04	193012314	195000177	울산71자3244	태화강역 (UNIST)
20260602_15:37:04	193040404	195000215	울산71자1866	공업탑
20260602_15:37:04	196040232	195000215	울산71자1744	울산과학기술원정문 (학교)
20260602_15:37:05	196020415	195000222	울산71자3042	우미린2차 푸르지오2차 (시내)
20260602_15:37:05	193040223	195000222	울산71자3011	굴화주공 아파트앞 (시내)
20260602_15:37:05	193040403	195000222	울산71자3092	공업탑
20260602_15:37:05	193040420	195000221	울산71자3024	시외고속버스터미널 (UNIST)
20260602_15:37:05	193030708	195000221	울산71자2261	울산대학교 (UNIST)
20260602_15:37:16	999000145	195000215	울산71자1744	UNIST (종점)
20260602_15:38:34	193031109	196000422	울산71자2732	시청앞
20260602_15:38:35	196020808	195000177	울산71자3285	천상 (UNIST)
20260602_15:38:35	193040224	195000215	울산71자1763	굴화주공 아파트앞 (UNIST)
20260602_15:38:35	193012313	195000222	울산71자3012	태화강역 (시내)
20260602_15:40:16	194024234	194000106	울산71자2962	일산해수욕장
20260602_15:40:29	196015414	196000422	울산71자2659	울산역 (시내 방면)
20260602_15:40:34	999000148	195000216	울산71자1729	명촌 (종점)
20260602_15:40:35	999000149	195000221	울산71자3045	명촌 (기점)
20260602_15:40:35	999000065	195000221	울산71자2261	신복교차로 입구
20260602_15:40:35	196020807	194000107	울산71자2824	천상 (시내)
20260602_15:40:35	193040223	194000107	울산71자2838	굴화주공 아파트앞 (시내)
20260602_15:40:35	194024233	194000107	울산71자2832	일산해수욕장
20260602_15:40:49	999000149	195000215	울산71자1710	명촌 (기점)
20260602_15:42:37	193040402	196000422	울산71자2732	공업탑
20260602_15:42:37	196020415	195000178	울산71자3263	우미린2차 푸르지오2차 (시내)
20260602_15:42:37	193040419	195000178	울산71자3213	시외고속버스터미널 (시내)
20260602_15:42:37	192021210	195000177	울산71자3284	태화강국가정원 동강병원
20260602_15:42:38	193030703	195000222	울산71자3011	신복교차로
20260602_15:42:38	193022418	195000221	울산71자3001	산학융합지구캠퍼스
20260602_15:44:27	193040224	194000106	울산71자2859	굴화주공 아파트앞 (UNIST)
20260602_15:44:37	196020412	196000421	울산71자2618	범서중학교앞
20260602_15:44:38	193040223	196000422	울산71자2690	굴화주공 아파트앞 (시내)
20260602_15:44:39	193040420	195000177	울산71자3244	시외고속버스터미널 (UNIST)
20260602_15:44:39	196040212	195000177	울산71자3285	범서읍행정복지센터 (UNIST)
20260602_15:44:42	193030707	195000222	울산71자3011	울산대학교 (시내)
20260602_15:44:44	194024209	194000107	울산71자2815	남목1동
20260602_15:45:00	193040606	195000215	울산71자1866	법원
20260602_15:46:54	193012314	195000221	울산71자3045	태화강역 (UNIST)
20260602_15:46:54	193040402	195000221	울산71자3024	공업탑
20260602_15:46:54	193040224	195000221	울산71자2261	굴화주공 아파트앞 (UNIST)
20260602_15:46:54	194024220	194000106	울산71자2962	현대중공업 울산대학병원
20260602_15:46:54	195030616	194000106	울산71자2972	현대출고 사무소앞
20260602_15:47:07	196040233	195000216	울산71자1744	UNIST (기점)
20260602_15:47:07	193040605	195000216	울산71자1794	법원
20260602_15:47:08	196040231	195000222	울산71자2219	울산과학기술원정문 (시내)
20260602_15:47:08	193040419	195000222	울산71자3092	시외고속버스터미널 (시내)
20260602_15:49:17	196020808	195000215	울산71자1763	천상 (UNIST)
20260602_15:49:19	196020416	195000221	울산71자2258	우미린2차 푸르지오2차 (UNIST)
20260602_15:49:30	193031110	196000421	울산71자2757	시청앞
20260602_15:49:30	196015429	196000421	울산71자2678	울산역 (언양 방면)
20260602_15:49:30	193012313	195000178	울산71자3213	태화강역 (시내)
20260602_15:49:33	196040205	195000216	울산71자1744	진목회관 (시내)
20260602_15:49:35	193012313	195000222	울산71자3092	태화강역 (시내)
20260602_15:51:29	194024219	194000107	울산71자2815	현대중공업 울산대학병원
20260602_15:51:30	194024210	194000106	울산71자2962	남목1동
20260602_15:51:40	196040142	196000421	울산71자2648	덕하 (기점)
20260602_15:51:41	196040233	195000178	울산71자3212	UNIST (기점)
20260602_15:51:41	196040232	195000177	울산71자3285	울산과학기술원정문 (학교)
20260602_15:51:41	193040223	195000222	울산71자3042	굴화주공 아파트앞 (시내)
20260602_15:51:57	196040212	196000421	울산71자2618	범서읍행정복지센터 (UNIST)
20260602_15:52:04	193012314	195000215	울산71자1710	태화강역 (UNIST)
20260602_15:52:04	196040211	195000222	울산71자2219	범서읍행정복지센터 (시내)
20260602_15:52:23	196040231	195000178	울산71자3212	울산과학기술원정문 (시내)
20260602_15:54:35	193040223	195000178	울산71자3263	굴화주공 아파트앞 (시내)
20260602_15:54:35	193040224	195000177	울산71자3284	굴화주공 아파트앞 (UNIST)
20260602_15:54:37	193040403	195000216	울산71자1794	공업탑
20260602_15:54:40	193040420	195000221	울산71자3045	시외고속버스터미널 (UNIST)
20260602_15:54:43	193040223	194000107	울산71자2824	굴화주공 아파트앞 (시내)
20260602_15:54:43	196020416	194000106	울산71자2859	우미린2차 푸르지오2차 (UNIST)
20260602_15:54:54	196040236	196000421	울산71자2618	진목회관 (UNIST)
20260602_15:56:39	196040232	196000421	울산71자2618	울산과학기술원정문 (학교)
20260602_15:56:45	196040212	195000215	울산71자1763	범서읍행정복지센터 (UNIST)
20260602_15:56:48	193030703	195000222	울산71자3042	신복교차로
20260602_15:56:48	193030708	195000221	울산71자3001	울산대학교 (UNIST)
20260602_15:56:48	196040212	195000221	울산71자2258	범서읍행정복지센터 (UNIST)
20260602_15:57:01	196040211	195000178	울산71자3212	범서읍행정복지센터 (시내)
20260602_15:57:23	196040234	196000421	울산71자2618	울산과학기술원 (경유)
20260602_15:57:26	193022418	195000221	울산71자3024	산학융합지구캠퍼스
20260602_15:57:44	196040232	196000422	울산71자2659	울산과학기술원정문 (학교)
20260602_15:58:10	999000065	195000215	울산71자1866	신복교차로 입구
20260602_15:58:28	193022417	195000222	울산71자3011	산학융합지구캠퍼스
20260602_15:59:44	999000065	195000221	울산71자3001	신복교차로 입구
20260602_15:59:44	196040232	195000221	울산71자2258	울산과학기술원정문 (학교)
20260602_15:59:45	194024233	194000107	울산71자2815	일산해수욕장
20260602_15:59:57	196040231	196000421	울산71자2618	울산과학기술원정문 (시내)
20260602_15:59:57	196040234	196000422	울산71자2659	울산과학기술원 (경유)
20260602_15:59:57	999000149	195000177	울산71자3299	명촌 (기점)
20260602_15:59:59	196020807	195000216	울산71자1744	천상 (시내)
20260602_16:00:02	193040420	195000215	울산71자1710	시외고속버스터미널 (UNIST)
20260602_16:00:02	196040236	195000215	울산71자1763	진목회관 (UNIST)
20260602_16:00:08	196020415	195000222	울산71자2219	우미린2차 푸르지오2차 (시내)
20260602_16:00:08	193030707	195000222	울산71자3042	울산대학교 (시내)
20260602_16:00:08	999000148	195000222	울산71자3092	명촌 (종점)
20260602_16:00:16	193031109	194000107	울산71자2838	시청앞
20260602_16:00:23	196020808	194000106	울산71자2859	천상 (UNIST)
20260602_16:00:37	196015417	196000422	울산71자2723	삼남 (기점)
20260602_16:00:37	196040231	196000422	울산71자2659	울산과학기술원정문 (시내)
20260602_16:01:28	999000145	195000221	울산71자2258	UNIST (종점)
20260602_16:01:48	999000077	194000106	울산71자2972	태화강역광장
20260602_16:03:06	196040141	196000422	울산71자2732	덕하 (종점)
20260602_16:03:06	999000145	195000215	울산71자1763	UNIST (종점)
20260602_16:03:38	193031109	196000422	울산71자2690	시청앞
20260602_16:03:38	196020416	195000177	울산71자3284	우미린2차 푸르지오2차 (UNIST)
20260602_16:03:38	193040419	195000216	울산71자1794	시외고속버스터미널 (시내)
20260602_16:03:50	196020807	195000178	울산71자3212	천상 (시내)
20260602_16:03:51	193040224	195000215	울산71자1866	굴화주공 아파트앞 (UNIST)
20260602_16:05:07	193040420	194000106	울산71자2972	시외고속버스터미널 (UNIST)
20260602_16:05:18	192021008	195000177	울산71자3244	울산시립미술관
20260602_16:05:29	196040211	196000422	울산71자2659	범서읍행정복지센터 (시내)
20260602_16:06:57	196040233	195000222	울산71자2258	UNIST (기점)
20260602_16:06:58	192021209	194000107	울산71자2824	태화강국가정원 동강병원
20260602_16:07:09	193040402	196000422	울산71자2690	공업탑
20260602_16:07:09	192021209	195000178	울산71자3263	태화강국가정원 동강병원
20260602_16:07:09	193012314	195000177	울산71자3299	태화강역 (UNIST)
20260602_16:07:09	196040212	195000221	울산71자2261	범서읍행정복지센터 (UNIST)
20260602_16:09:05	193040419	194000107	울산71자2838	시외고속버스터미널 (시내)
20260602_16:09:15	193040224	196000421	울산71자2757	굴화주공 아파트앞 (UNIST)
20260602_16:09:24	194019014	194000106	울산71자2832	꽃바위 (기점)
20260602_16:09:43	193040404	195000215	울산71자1710	공업탑
20260602_16:09:43	196040205	195000222	울산71자2258	진목회관 (시내)
20260602_16:09:43	193040403	195000222	울산71자3011	공업탑
20260602_16:10:00	193040223	195000216	울산71자1744	굴화주공 아파트앞 (시내)
20260602_16:11:24	192021605	195000178	울산71자3263	성남동
20260602_16:11:27	196040233	195000216	울산71자1763	UNIST (기점)
20260602_16:11:27	193012313	195000216	울산71자1794	태화강역 (시내)
20260602_16:11:29	193040223	195000222	울산71자2219	굴화주공 아파트앞 (시내)
20260602_16:11:32	193012314	195000221	울산71자3010	태화강역 (UNIST)
20260602_16:11:32	193040402	195000221	울산71자3045	공업탑
20260602_16:11:32	193030708	195000221	울산71자3024	울산대학교 (UNIST)
20260602_16:11:32	196040236	195000221	울산71자2261	진목회관 (UNIST)
20260602_16:11:34	196040233	194000107	울산71자2840	UNIST (기점)
20260602_16:11:52	196040231	195000216	울산71자1763	울산과학기술원정문 (시내)
20260602_16:12:07	196040211	195000222	울산71자2258	범서읍행정복지센터 (시내)
20260602_16:13:58	196020415	196000422	울산71자2659	우미린2차 푸르지오2차 (시내)
20260602_16:13:59	196020808	195000215	울산71자1866	천상 (UNIST)
20260602_16:13:59	999000065	195000221	울산71자3024	신복교차로 입구
20260602_16:13:59	999000145	195000221	울산71자2261	UNIST (종점)
20260602_16:14:12	196020415	195000178	울산71자3212	우미린2차 푸르지오2차 (시내)
20260602_16:14:12	192021210	195000177	울산71자3244	태화강국가정원 동강병원
20260602_16:14:12	196020416	195000221	울산71자3001	우미린2차 푸르지오2차 (UNIST)
20260602_16:15:58	193040420	195000177	울산71자3299	시외고속버스터미널 (UNIST)
20260602_16:15:58	196040211	195000216	울산71자1763	범서읍행정복지센터 (시내)
20260602_16:16:03	193022417	195000222	울산71자3042	산학융합지구캠퍼스
20260602_16:16:07	193031109	194000107	울산71자2824	시청앞
20260602_16:16:07	999000209	194000107	울산71자2838	태화강역광장
20260602_16:16:20	196020412	196000421	울산71자2757	범서중학교앞
20260602_16:16:20	196015429	196000421	울산71자2618	울산역 (언양 방면)
20260602_16:16:46	193030703	195000216	울산71자1744	신복교차로
20260602_16:16:48	193030703	195000222	울산71자2219	신복교차로
20260602_16:18:30	194024234	194000106	울산71자2832	일산해수욕장
20260602_16:18:40	193031110	196000421	울산71자2648	시청앞
20260602_16:18:45	193040420	195000221	울산71자3010	시외고속버스터미널 (UNIST)
20260602_16:18:45	193040224	195000221	울산71자3024	굴화주공 아파트앞 (UNIST)
20260602_16:18:45	999000209	194000107	울산71자2838	태화강역광장
20260602_16:18:56	193040606	195000215	울산71자1710	법원
20260602_16:19:57	193031110	194000106	울산71자2972	시청앞
20260602_16:20:14	193030707	195000216	울산71자1744	울산대학교 (시내)
20260602_16:20:14	999000148	195000216	울산71자1794	명촌 (종점)
20260602_16:20:16	196020415	195000222	울산71자2258	우미린2차 푸르지오2차 (시내)
20260602_16:20:16	193030707	195000222	울산71자2219	울산대학교 (시내)
20260602_16:20:27	196040142	196000421	울산71자2732	덕하 (기점)
20260602_16:20:32	196040212	195000215	울산71자1866	범서읍행정복지센터 (UNIST)
20260602_16:20:32	196040212	195000221	울산71자3001	범서읍행정복지센터 (UNIST)
20260602_16:20:44	196040233	195000178	울산71자3285	UNIST (기점)
20260602_16:20:44	999000149	195000177	울산71자3238	명촌 (기점)
20260602_16:20:44	196040212	195000177	울산71자3284	범서읍행정복지센터 (UNIST)
20260602_16:20:46	193040419	195000222	울산71자3011	시외고속버스터미널 (시내)
20260602_16:21:41	195030616	194000106	울산71자2962	현대출고 사무소앞
20260602_16:21:58	196015414	196000422	울산71자2723	울산역 (시내 방면)
20260602_16:21:58	196040231	195000178	울산71자3285	울산과학기술원정문 (시내)
20260602_16:22:01	196020807	195000216	울산71자1763	천상 (시내)
20260602_16:22:03	193022418	195000221	울산71자3045	산학융합지구캠퍼스
20260602_16:22:05	196020807	194000107	울산71자2840	천상 (시내)
20260602_16:22:05	193040419	194000107	울산71자2824	시외고속버스터미널 (시내)
20260602_16:24:41	196040212	196000421	울산71자2757	범서읍행정복지센터 (UNIST)
20260602_16:24:41	193040223	196000422	울산71자2659	굴화주공 아파트앞 (시내)
20260602_16:24:41	193040419	195000178	울산71자3263	시외고속버스터미널 (시내)
20260602_16:24:41	196040236	195000177	울산71자3284	진목회관 (UNIST)
20260602_17:10:10	192021210	195000177	울산71자3238	태화강국가정원 동강병원
20260602_17:10:11	193012314	195000215	울산71자1794	태화강역 (UNIST)
20260602_17:10:12	196040236	195000221	울산71자3045	진목회관 (UNIST)
20260602_17:10:13	193040419	194000107	울산71자2840	시외고속버스터미널 (시내)
20260602_17:10:13	194024220	194000106	울산71자2815	현대중공업 울산대학병원
20260602_17:10:13	193040420	194000106	울산71자2832	시외고속버스터미널 (UNIST)
20260602_17:10:13	193040224	194000106	울산71자2962	굴화주공 아파트앞 (UNIST)
20260602_17:10:24	196015429	196000421	울산71자2648	울산역 (언양 방면)
20260602_17:10:25	193012314	195000177	울산71자3213	태화강역 (UNIST)
20260602_17:10:26	193040606	195000215	울산71자1729	법원
20260602_17:10:27	193040223	195000222	울산71자3001	굴화주공 아파트앞 (시내)
20260602_17:10:27	193012314	195000221	울산71자3092	태화강역 (UNIST)
20260602_17:10:27	999000209	194000107	울산71자2840	태화강역광장
20260602_17:11:22	193040224	196000421	울산71자2732	굴화주공 아파트앞 (UNIST)
20260602_17:11:22	196015429	196000421	울산71자2648	울산역 (언양 방면)
20260602_17:11:31	193012314	195000177	울산71자3213	태화강역 (UNIST)
20260602_17:11:32	196040233	195000216	울산71자1710	UNIST (기점)
20260602_17:11:32	193040223	195000222	울산71자3001	굴화주공 아파트앞 (시내)
20260602_17:11:32	193012313	195000222	울산71자2219	태화강역 (시내)
20260602_17:11:34	193012314	195000221	울산71자3092	태화강역 (UNIST)
20260602_17:11:34	196040232	195000221	울산71자3045	울산과학기술원정문 (학교)
20260602_17:11:34	999000209	194000107	울산71자2840	태화강역광장
20260602_17:11:47	196040231	195000216	울산71자1710	울산과학기술원정문 (시내)
20260929_17:45:51	196015429	196000421	울산71자2635	울산역 (언양 방면)
20260929_17:45:51	193040402	196000422	울산71자2618	공업탑
20260929_17:45:51	193012313	195000178	울산71자3263	태화강역 (시내)
20260929_17:45:52	999000145	195000177	울산71자3299	UNIST (종점)
20260929_17:45:52	193030707	195000216	울산71자1764	울산대학교 (시내)
20260929_17:45:52	193040223	195000222	울산71자2219	굴화주공 아파트앞 (시내)
20260929_17:45:52	193040419	195000222	울산71자2240	시외고속버스터미널 (시내)
20260929_17:45:52	193022418	195000221	울산71자3011	산학융합지구캠퍼스
20260929_17:45:52	193040419	194000107	울산71자2840	시외고속버스터미널 (시내)
20260929_17:45:53	999000077	194000106	울산71자2832	태화강역광장
20260929_17:46:09	196040232	195000215	울산71자1710	울산과학기술원정문 (학교)
20260929_17:47:00	196020415	195000178	울산71자3284	우미린2차 푸르지오2차 (시내)
20260929_17:47:05	193040420	194000106	울산71자2832	시외고속버스터미널 (UNIST)
20260929_17:47:20	196015414	196000422	울산71자2723	울산역 (시내 방면)
20260929_17:47:21	192021605	195000178	울산71자3285	성남동
20260929_17:47:21	193030708	195000215	울산71자1729	울산대학교 (UNIST)
20260929_17:47:58	999000148	195000178	울산71자3263	명촌 (종점)
